price,area,bedrooms,bathrooms,stories,mainroad,guestroom,basement,hotwaterheating,airconditioning,parking,prefarea,furnishingstatus
5086169,4706,3,2,1,yes,no,no,no,no,0,yes,unfurnished
2586000,7027,3,1,2,yes,no,no,no,yes,0,no,unfurnished
4288719,7033,3,1,1,yes,no,yes,no,no,1,no,unfurnished
3176966,7786,2,1,1,yes,no,no,no,yes,2,no,furnished
2161966,8455,3,1,1,yes,no,no,no,no,0,yes,unfurnished
2872403,4223,5,1,2,yes,no,no,no,yes,0,yes,unfurnished
2057513,2755,5,1,2,yes,no,no,no,yes,2,no,semi-furnished
5967945,3005,3,1,1,yes,no,yes,no,no,0,no,semi-furnished
3315409,8734,3,1,1,yes,yes,no,no,yes,2,no,unfurnished
4422856,4556,3,2,2,yes,no,no,no,no,0,no,semi-furnished
3257390,3974,2,2,1,yes,no,no,no,no,0,no,semi-furnished
3556957,9088,6,1,1,yes,yes,yes,no,yes,2,no,semi-furnished
1750000,13268,3,2,1,yes,no,no,no,no,0,no,unfurnished
6728818,7699,1,1,2,yes,no,no,no,no,2,yes,semi-furnished
1967939,2424,3,1,4,yes,no,yes,no,yes,0,no,unfurnished
3981466,7395,3,2,1,yes,no,no,no,no,0,no,semi-furnished
4036486,5040,4,2,1,yes,no,no,no,no,2,yes,semi-furnished
7819173,3764,2,2,1,yes,no,no,no,no,1,yes,semi-furnished
3136709,6080,2,1,2,yes,no,no,no,yes,0,no,furnished
4321071,7559,3,1,4,yes,no,no,no,yes,2,no,furnished
4553454,4910,3,1,2,yes,no,no,no,yes,2,no,unfurnished
9180655,7661,5,1,2,yes,no,yes,no,no,1,yes,furnished
7425816,3542,3,2,4,no,no,no,no,no,0,no,furnished
3014086,6406,3,2,1,yes,no,no,no,yes,0,yes,semi-furnished
4160103,5826,3,1,2,yes,no,no,no,no,0,no,semi-furnished
2153894,10928,4,2,1,no,yes,yes,no,yes,1,no,furnished
1750000,6118,3,1,1,yes,no,yes,no,no,2,no,furnished
2172910,5386,3,2,2,yes,no,yes,no,no,0,no,furnished
5086069,5225,5,2,1,no,no,yes,no,no,0,no,unfurnished
4230112,3234,4,1,1,yes,no,no,no,no,0,no,furnished
1750000,7155,4,1,1,no,no,no,no,yes,0,no,unfurnished
4519092,7882,4,1,1,yes,no,no,no,yes,0,yes,semi-furnished
2382556,7453,2,1,1,yes,no,no,no,yes,0,no,furnished
5110456,7687,2,1,2,no,no,no,no,yes,0,no,unfurnished
2127610,3833,3,1,1,no,yes,yes,no,no,1,no,furnished
3494436,3716,3,1,1,yes,no,no,yes,no,1,no,unfurnished
2590660,2910,3,1,1,yes,no,yes,no,no,1,no,furnished
5109704,4491,4,3,1,yes,no,no,no,no,0,no,unfurnished
2660487,4119,3,2,2,yes,no,no,no,no,0,no,unfurnished
3215678,5465,5,2,1,yes,no,no,no,yes,0,no,furnished
2410943,7386,2,1,2,yes,no,no,no,yes,2,no,semi-furnished
1750000,2929,3,1,1,no,yes,yes,no,no,0,no,unfurnished
1750000,3157,2,1,2,no,no,no,no,no,2,no,furnished
2715717,4167,3,1,2,yes,no,yes,no,no,1,no,semi-furnished
1750000,8976,5,1,1,no,no,no,no,yes,1,no,unfurnished
3407406,8327,4,1,1,yes,yes,no,no,yes,0,no,unfurnished
2590823,2556,2,2,1,yes,no,no,no,yes,1,no,semi-furnished
2809906,2619,2,2,2,yes,no,no,no,yes,0,no,furnished
7910408,16200,6,1,1,no,no,no,no,yes,0,yes,unfurnished
2005834,4868,3,1,1,no,yes,no,no,yes,0,no,unfurnished
3668274,8819,3,2,1,yes,no,yes,no,yes,0,no,semi-furnished
5172221,4189,3,1,4,yes,no,no,no,no,0,yes,furnished
6195728,2911,4,1,2,yes,yes,yes,no,no,0,no,furnished
9339897,5592,3,2,2,yes,no,no,yes,yes,2,no,semi-furnished
3241399,5918,2,1,1,yes,no,no,yes,no,0,no,unfurnished
1750000,3698,3,2,1,no,no,yes,no,no,0,no,semi-furnished
1793964,6329,3,1,1,yes,no,yes,no,no,0,no,unfurnished
2590968,6146,6,1,1,no,no,yes,no,yes,0,no,unfurnished
7524088,8290,4,2,1,yes,no,yes,no,no,0,no,unfurnished
3761993,9547,3,2,1,yes,no,no,no,no,0,no,semi-furnished
2062354,7942,3,1,1,yes,no,no,yes,no,2,no,unfurnished
4029297,6656,4,1,1,yes,no,yes,no,no,0,yes,furnished
7278582,6091,2,1,1,yes,no,no,no,no,0,no,unfurnished
4976342,7819,3,1,1,yes,no,no,no,no,0,yes,semi-furnished
1750000,5555,2,2,1,yes,no,yes,yes,no,2,yes,furnished
4484192,5702,4,1,1,yes,no,yes,no,no,0,no,furnished
2709919,4833,4,1,2,yes,no,no,yes,yes,0,no,unfurnished
2433760,4295,2,2,1,no,yes,no,no,no,2,no,furnished
1750000,6838,3,1,1,no,no,no,no,no,0,no,semi-furnished
2150842,2374,2,2,1,no,no,yes,no,yes,2,yes,semi-furnished
6258923,3683,2,1,4,yes,no,no,no,yes,0,no,furnished
1887425,5443,2,2,4,yes,no,no,yes,no,2,no,furnished
1882447,2434,2,1,1,yes,no,no,no,no,1,no,furnished
2992173,3464,2,1,2,yes,no,yes,no,no,0,no,semi-furnished
1855047,2352,3,1,2,yes,no,no,no,yes,0,no,furnished
6461180,7440,4,1,2,yes,no,no,no,yes,0,no,semi-furnished
6784624,12101,2,2,2,yes,no,no,no,yes,0,yes,unfurnished
5143324,9242,3,3,1,yes,no,no,no,yes,0,no,furnished
2297809,4861,4,2,1,yes,no,no,no,yes,0,yes,unfurnished
9085941,5368,3,1,2,yes,no,no,no,no,2,yes,unfurnished
3013196,5867,4,2,1,yes,no,no,yes,yes,1,no,furnished
5235843,7652,3,1,4,no,yes,no,no,no,1,no,unfurnished
2764471,4662,3,1,2,yes,no,no,no,no,2,no,semi-furnished
5454558,7995,3,2,3,yes,no,no,no,no,1,no,semi-furnished
4023795,15895,2,2,2,no,no,yes,yes,no,0,no,semi-furnished
4366476,4150,3,2,2,yes,no,no,no,no,0,yes,semi-furnished
3430563,16200,3,1,2,yes,no,no,no,yes,2,no,unfurnished
8761482,6891,3,2,2,no,yes,no,yes,yes,1,no,furnished
1750000,4899,2,1,2,yes,no,no,no,yes,0,no,semi-furnished
5877769,3071,3,1,2,yes,no,no,no,yes,0,no,unfurnished
1750000,3901,3,1,2,yes,no,no,yes,no,2,no,unfurnished
1750000,6951,3,1,1,yes,yes,no,no,yes,0,no,unfurnished
2450154,10376,3,1,2,yes,no,yes,no,no,0,no,semi-furnished
4005954,4107,2,1,4,yes,no,no,no,no,0,yes,furnished
1750000,5135,2,2,1,no,no,no,no,no,2,no,furnished
2954188,5115,3,1,1,yes,no,no,no,yes,2,no,furnished
1750000,1650,3,1,2,no,no,no,no,no,0,no,furnished
2276266,8865,2,1,2,yes,yes,no,no,no,2,no,semi-furnished
2984646,7489,3,1,1,yes,no,yes,no,no,2,no,furnished
3100446,8992,3,2,1,yes,yes,no,no,yes,2,yes,semi-furnished
2386230,9292,3,2,2,no,no,yes,no,yes,0,no,unfurnished
4750492,6133,3,2,3,yes,no,yes,no,no,2,no,furnished
2404273,3087,2,2,1,yes,no,yes,no,no,0,no,semi-furnished
5875321,5770,4,1,4,yes,no,no,no,yes,2,no,unfurnished
2846924,5102,3,1,1,yes,yes,no,no,yes,0,no,furnished
4454907,2881,2,3,1,yes,no,no,yes,yes,1,no,furnished
2767980,3197,2,1,1,yes,no,no,no,yes,0,no,semi-furnished
1750000,2535,3,1,4,yes,no,no,yes,no,3,yes,semi-furnished
2535623,5381,3,1,1,yes,yes,yes,yes,no,1,no,semi-furnished
2952585,5265,2,1,2,yes,no,no,no,yes,1,no,furnished
3646645,4061,3,1,2,no,no,no,no,no,0,no,unfurnished
1750000,7753,3,1,2,yes,no,no,no,yes,1,no,semi-furnished
1750000,8740,3,1,1,yes,yes,yes,no,no,2,no,unfurnished
4205869,11181,3,1,2,yes,no,no,no,no,0,no,semi-furnished
3016259,5758,3,1,3,no,no,no,no,no,1,yes,semi-furnished
1750000,9114,4,1,1,no,yes,no,no,yes,1,no,furnished
5572168,7540,3,2,1,yes,yes,yes,no,yes,0,yes,semi-furnished
5629200,3824,4,1,2,no,no,yes,no,yes,1,no,semi-furnished
3414894,4750,4,1,1,yes,no,no,no,no,1,no,furnished
1752459,4741,3,1,2,yes,no,no,no,yes,2,no,furnished
4106497,9960,3,1,1,yes,no,no,yes,no,0,yes,furnished
1750000,5115,2,1,2,yes,no,no,no,no,1,no,semi-furnished
3701431,3931,3,1,1,yes,no,no,no,no,1,no,semi-furnished
1750000,4845,2,2,1,yes,no,yes,no,no,2,yes,furnished
1750000,2839,3,2,2,yes,no,no,no,no,2,yes,unfurnished
3549389,3872,3,2,2,yes,yes,no,no,yes,0,no,semi-furnished
2597608,9590,2,1,2,yes,no,no,no,yes,0,no,semi-furnished
1750000,8890,3,1,2,yes,yes,no,no,yes,0,no,unfurnished
2514149,2372,3,2,2,yes,no,no,no,no,0,no,semi-furnished
4098821,5982,3,1,4,yes,no,yes,no,yes,0,no,furnished
1750000,6397,3,2,1,yes,no,yes,no,no,0,no,semi-furnished
2526578,4945,2,1,2,no,no,yes,no,no,1,no,furnished
2705918,3495,3,1,2,yes,no,no,no,yes,0,no,semi-furnished
1750000,7377,2,2,4,yes,no,yes,no,no,0,no,furnished
3376697,6835,3,1,1,yes,no,yes,no,no,0,no,unfurnished
1750000,3528,2,1,2,no,no,yes,yes,yes,2,no,furnished
7135114,5436,2,2,4,no,no,yes,yes,yes,1,no,unfurnished
2826555,5149,3,2,2,no,no,no,no,yes,0,yes,unfurnished
5702240,9211,2,1,1,no,yes,yes,no,yes,0,no,unfurnished
2804161,16200,3,1,1,yes,no,no,no,no,0,no,furnished
1750000,8534,4,1,1,no,yes,yes,no,no,0,yes,semi-furnished
1828453,8877,4,2,1,yes,no,yes,no,yes,0,yes,semi-furnished
1750000,8351,2,1,1,yes,no,no,no,yes,1,yes,furnished
5214178,12030,2,1,2,yes,no,yes,no,no,2,no,semi-furnished
1795612,9171,2,1,2,yes,no,no,no,yes,0,no,semi-furnished
3719708,7544,3,2,1,no,no,yes,no,no,0,yes,unfurnished
4646567,5835,4,2,2,yes,no,no,no,no,0,no,furnished
3548479,3612,3,1,1,yes,no,no,no,yes,0,yes,semi-furnished
3318321,8026,2,1,2,yes,yes,no,no,yes,0,no,semi-furnished
13297530,3643,3,1,1,no,no,no,no,no,1,yes,unfurnished
3504313,4374,3,1,2,yes,no,no,yes,yes,0,no,furnished
1750000,5148,2,2,1,yes,no,no,no,yes,2,yes,semi-furnished
10194593,2149,2,2,4,yes,no,yes,no,yes,1,no,unfurnished
2924277,2482,5,1,1,no,no,no,no,yes,2,no,furnished
2328736,4075,3,2,2,yes,no,no,no,no,0,yes,furnished
1750000,7446,3,2,2,yes,no,yes,yes,no,0,no,semi-furnished
1750000,6941,3,1,1,yes,no,no,no,yes,0,no,unfurnished
11755080,3907,3,2,1,yes,no,no,no,no,0,yes,unfurnished
1750000,8488,2,1,2,yes,no,yes,no,no,1,no,semi-furnished
6992292,3622,4,1,1,yes,no,no,yes,yes,0,yes,semi-furnished
2077306,11721,2,1,2,yes,no,yes,no,yes,1,no,semi-furnished
3534392,2875,3,1,1,yes,yes,no,no,yes,0,no,unfurnished
4217969,5817,3,1,1,yes,no,no,no,no,0,yes,unfurnished
8066226,2476,3,1,1,yes,no,no,no,yes,0,no,unfurnished
4177598,3648,2,2,2,yes,no,no,no,yes,2,yes,furnished
3688145,3233,2,1,3,yes,yes,no,no,yes,1,no,furnished
2831474,3103,2,1,3,yes,no,yes,no,no,0,no,furnished
5498537,3441,3,1,2,yes,no,no,no,no,0,no,unfurnished
4784188,6159,4,2,2,yes,no,yes,no,yes,1,yes,unfurnished
4415702,7394,4,2,2,yes,no,yes,no,no,0,yes,semi-furnished
3262121,3437,5,1,2,yes,no,yes,no,no,0,no,semi-furnished
4622638,3417,3,1,2,yes,no,yes,no,no,1,no,semi-furnished
7807031,9595,2,2,2,yes,yes,no,no,no,1,no,furnished
4661162,2813,3,2,2,yes,no,yes,no,yes,2,no,semi-furnished
2626415,5727,2,1,1,yes,yes,yes,no,yes,0,no,unfurnished
3565790,2855,2,1,2,yes,no,yes,no,no,3,no,unfurnished
4904782,1797,4,1,4,yes,no,yes,no,yes,0,yes,furnished
3042896,10158,3,1,1,yes,yes,yes,no,no,0,no,furnished
2295868,9145,2,1,2,yes,no,no,no,yes,3,no,furnished
2922292,3706,4,1,2,yes,no,yes,no,no,2,no,semi-furnished
1778246,3677,4,1,2,no,no,no,no,yes,0,no,unfurnished
3352718,4342,3,2,4,yes,no,no,no,yes,0,no,semi-furnished
3573192,15960,2,1,2,yes,no,yes,no,no,2,no,furnished
3286705,4424,2,1,1,yes,no,no,no,no,0,no,semi-furnished
2914607,4431,3,1,2,yes,no,yes,no,no,0,no,unfurnished
2734447,2718,2,2,2,no,yes,yes,no,yes,0,no,unfurnished
2588551,2744,2,1,2,yes,no,yes,no,no,1,no,semi-furnished
2590873,4543,3,1,1,no,no,no,yes,yes,2,no,semi-furnished
5626945,2067,3,1,2,yes,no,no,no,no,0,no,furnished
6715277,8266,4,1,2,yes,no,no,yes,yes,2,no,semi-furnished
2182388,5342,2,1,2,yes,yes,no,no,no,0,no,semi-furnished
1750000,3685,4,1,2,yes,no,no,no,no,0,no,furnished
3916757,4827,3,2,1,yes,no,yes,no,no,2,no,furnished
5635995,2447,2,1,1,yes,no,no,no,no,2,no,semi-furnished
5160165,3689,4,1,1,yes,yes,no,yes,no,0,no,furnished
5990332,2448,4,2,1,yes,no,yes,no,no,0,no,semi-furnished
7935816,8415,2,1,2,no,no,no,no,no,3,no,unfurnished
1750000,6921,3,2,3,yes,yes,no,no,yes,0,no,semi-furnished
2608967,5460,3,1,1,yes,no,no,no,yes,2,no,unfurnished
1894079,5590,3,2,2,yes,no,yes,no,no,1,no,furnished
3982093,4991,2,1,1,yes,yes,yes,no,yes,1,no,furnished
3690198,3952,3,1,1,yes,yes,yes,no,yes,1,no,furnished
1750000,2282,3,3,1,yes,no,yes,no,no,0,no,furnished
2918854,6239,3,1,1,yes,yes,no,no,yes,2,yes,semi-furnished
1750000,8005,4,1,2,yes,no,no,no,yes,1,no,semi-furnished
5014471,4328,4,1,1,yes,yes,yes,no,yes,1,no,furnished
4089388,2453,3,1,2,yes,no,yes,no,no,0,no,unfurnished
9041314,7607,3,1,2,no,yes,no,no,no,2,no,unfurnished
2521488,6327,5,1,1,yes,no,yes,no,no,0,no,semi-furnished
3475908,4418,3,1,3,yes,no,yes,no,no,0,no,unfurnished
2034298,9532,4,1,1,yes,no,yes,no,no,0,no,semi-furnished
5900894,3815,3,2,1,yes,no,yes,no,no,0,no,semi-furnished
1750000,8401,3,1,2,yes,yes,no,no,no,0,no,furnished
4980145,2947,3,2,3,yes,yes,no,no,yes,0,no,unfurnished
2910758,5521,3,1,1,yes,no,no,no,yes,2,no,semi-furnished
1750000,8784,2,1,4,yes,no,yes,no,yes,0,no,furnished
5219835,5885,3,1,1,yes,no,no,no,no,1,no,furnished
1905147,7056,4,2,1,yes,no,no,no,no,2,no,furnished
2894724,4294,2,1,2,yes,no,yes,no,no,0,no,semi-furnished
1750000,3319,3,1,2,yes,no,no,yes,yes,1,no,semi-furnished
5858219,11663,2,2,2,yes,no,no,no,no,1,no,semi-furnished
1750000,2585,4,1,2,yes,no,no,no,yes,1,no,semi-furnished
4173924,3750,4,1,1,yes,no,no,no,no,1,no,semi-furnished
7479915,7961,3,1,1,no,no,no,no,no,0,no,semi-furnished
3297392,5465,3,1,4,yes,no,yes,no,no,0,yes,unfurnished
3140416,7238,3,2,1,yes,no,no,yes,no,0,no,unfurnished
4353765,7746,3,1,3,yes,yes,no,no,no,2,no,unfurnished
1750000,8355,3,1,1,yes,no,no,no,no,0,yes,unfurnished
1750000,6576,3,1,2,yes,yes,no,no,no,2,yes,unfurnished
2187718,5518,2,1,2,yes,no,no,no,no,0,no,semi-furnished
4530661,3903,3,1,2,yes,yes,no,no,no,0,no,unfurnished
4337531,6876,2,1,1,no,no,no,no,no,0,yes,semi-furnished
4156991,5198,2,1,1,yes,no,yes,no,no,0,no,semi-furnished
3810489,3023,4,1,1,yes,yes,yes,no,yes,0,no,semi-furnished
4909732,5898,3,2,2,yes,no,no,no,yes,0,no,semi-furnished
1750000,6074,4,1,3,yes,yes,yes,no,no,0,yes,furnished
1758799,13066,3,1,3,no,no,no,no,no,0,no,unfurnished
2525548,5456,3,1,2,yes,no,yes,no,yes,3,no,unfurnished
2458198,6500,4,1,2,yes,no,no,no,yes,0,no,unfurnished
5858549,1797,4,1,4,yes,no,no,no,yes,1,no,furnished
2947132,2503,4,2,4,no,no,no,no,no,2,yes,unfurnished
1750000,4949,4,2,1,no,no,no,no,yes,1,no,semi-furnished
1750000,5951,2,1,4,yes,yes,no,no,yes,0,no,semi-furnished
1750000,6598,2,2,1,yes,no,no,no,yes,0,no,furnished
5889735,5109,3,2,1,yes,no,yes,no,no,0,no,semi-furnished
3198156,5645,3,1,1,yes,no,no,no,no,2,no,furnished
2036746,3891,5,1,4,yes,no,no,no,no,1,no,semi-furnished
1750000,6656,3,2,1,yes,no,yes,no,no,1,no,unfurnished
7596160,5662,5,2,1,no,no,no,no,yes,2,no,unfurnished
1750000,7259,5,1,1,yes,no,no,no,no,0,no,unfurnished
2596373,5059,3,1,2,yes,no,no,no,no,0,no,unfurnished
2244483,4178,2,1,1,yes,no,yes,no,no,0,no,semi-furnished
2434412,6074,2,1,1,yes,no,no,no,no,2,yes,unfurnished
4938681,5845,3,2,2,yes,no,yes,no,no,2,no,semi-furnished
3924562,7450,3,1,2,yes,no,yes,no,no,0,no,semi-furnished
3288890,7184,3,3,1,yes,no,no,no,yes,1,no,furnished
2713036,16055,3,1,2,yes,no,yes,no,no,1,no,unfurnished
1750000,4637,4,2,2,yes,no,yes,no,yes,1,no,furnished
5181535,2886,2,1,4,yes,no,yes,yes,no,0,no,semi-furnished
3329109,7691,2,1,2,yes,no,no,no,no,0,no,unfurnished
9046581,7790,2,1,2,yes,yes,yes,no,no,0,no,furnished
1971743,5556,2,1,2,yes,no,no,no,no,2,no,semi-furnished
3574675,3862,2,2,3,yes,yes,yes,no,no,2,yes,furnished
1889060,5463,2,1,2,no,no,no,no,no,0,no,semi-furnished
1750000,4127,2,1,2,yes,no,yes,no,no,0,no,furnished
3253022,3279,2,1,4,yes,no,no,no,yes,0,no,semi-furnished
2598128,5630,5,1,1,yes,no,no,no,yes,0,yes,furnished
3718846,6139,4,1,2,yes,no,no,no,no,3,no,semi-furnished
1750000,13077,2,1,1,no,no,no,no,yes,2,no,furnished
5748120,6363,2,2,2,yes,no,yes,no,no,0,no,furnished
2160597,8553,4,3,2,yes,yes,no,no,yes,2,yes,semi-furnished
4640520,11575,2,1,2,yes,no,no,no,no,0,no,semi-furnished
2778222,6339,2,2,1,yes,no,yes,no,no,1,no,semi-furnished
2714487,2524,2,1,1,yes,no,no,no,no,3,yes,semi-furnished
2249844,5696,6,1,4,yes,yes,yes,yes,no,2,no,furnished
5014039,3227,3,2,2,yes,no,no,no,no,0,yes,semi-furnished
2413868,4617,2,1,1,yes,no,yes,no,yes,1,yes,furnished
5156778,8943,5,2,1,yes,no,no,no,yes,0,no,unfurnished
2238235,8413,2,3,2,yes,no,no,no,yes,0,yes,semi-furnished
2509793,10874,3,1,2,no,no,no,no,yes,0,no,unfurnished
2253973,2836,3,1,1,yes,yes,no,no,yes,2,no,furnished
1750000,3527,2,1,2,yes,no,no,no,no,0,yes,furnished
2662640,9099,3,1,1,yes,no,no,no,yes,2,no,unfurnished
3221488,5849,3,1,1,yes,no,no,no,yes,3,no,semi-furnished
4372469,7243,4,1,2,yes,no,no,no,yes,0,no,furnished
3413501,9369,3,2,2,yes,no,no,no,yes,1,no,semi-furnished
3726647,3755,3,1,1,yes,yes,no,no,no,1,yes,unfurnished
4194559,5210,4,1,1,no,no,yes,no,yes,0,no,semi-furnished
2186816,3199,4,1,1,yes,no,no,no,no,1,no,semi-furnished
2900235,11299,4,1,2,yes,no,no,yes,no,3,no,furnished
2612275,4610,1,1,2,yes,no,no,no,no,0,no,unfurnished
2812210,2631,2,1,1,no,yes,no,no,no,0,no,semi-furnished
5199592,5996,2,1,1,no,no,no,no,yes,1,no,unfurnished
1940152,5983,3,1,2,no,yes,no,no,no,2,no,semi-furnished
7960288,8033,3,2,2,yes,no,no,no,yes,3,no,unfurnished
1750000,1650,4,1,3,yes,no,yes,no,no,0,yes,semi-furnished
7456897,5549,2,1,1,yes,no,yes,no,yes,1,no,semi-furnished
1750000,14221,3,4,1,yes,no,yes,no,no,1,yes,semi-furnished
1750000,7902,3,1,1,yes,no,yes,no,no,0,yes,semi-furnished
2850870,4286,2,1,1,yes,yes,yes,no,no,1,no,semi-furnished
5472896,2781,3,1,1,yes,no,no,no,yes,0,no,unfurnished
1750000,8966,4,2,1,yes,no,no,no,no,0,no,semi-furnished
5847855,9804,3,2,1,yes,no,no,no,no,2,no,semi-furnished
2419534,6309,3,2,2,yes,no,no,no,no,0,no,furnished
4476010,2671,3,1,2,yes,no,no,no,no,2,no,unfurnished
1750000,8412,3,1,2,yes,yes,no,yes,no,0,no,furnished
5563878,11629,3,2,4,yes,no,no,no,yes,1,no,semi-furnished
3141760,5570,3,2,3,yes,yes,yes,no,no,0,no,furnished
1750000,4145,4,2,2,yes,no,yes,no,no,0,yes,furnished
7021450,15690,3,2,1,yes,no,no,no,yes,0,no,unfurnished
2949234,7387,3,1,3,no,no,no,no,no,1,no,unfurnished
1750000,5601,2,1,2,yes,no,no,no,no,0,yes,semi-furnished
9847973,7886,3,1,4,yes,no,yes,no,yes,3,no,unfurnished
2789659,8613,4,1,2,yes,no,no,no,yes,1,no,furnished
1750000,6023,4,2,1,yes,no,no,no,yes,0,no,furnished
6256523,1650,2,2,1,no,no,no,no,no,0,no,semi-furnished
3289961,4513,3,1,1,yes,yes,no,no,no,0,no,semi-furnished
7565849,4598,3,2,4,yes,no,yes,no,yes,0,yes,semi-furnished
2964517,5980,3,1,1,no,yes,no,no,no,1,no,unfurnished
2824558,6402,3,1,1,yes,no,no,no,no,0,no,furnished
6057541,3581,3,1,4,yes,no,no,no,no,0,no,semi-furnished
1984235,10479,4,1,1,yes,yes,yes,no,yes,0,yes,semi-furnished
3347567,9696,4,1,2,yes,no,yes,no,no,1,no,semi-furnished
1750000,4112,2,2,1,yes,yes,yes,no,no,0,yes,furnished
3578387,6846,3,2,2,yes,no,no,no,yes,2,no,semi-furnished
4014085,4698,3,2,1,yes,no,yes,no,no,0,no,unfurnished
9478310,3717,5,2,1,yes,no,no,no,no,1,no,unfurnished
2081523,5450,4,2,2,yes,yes,yes,no,no,0,yes,semi-furnished
6768526,4735,4,1,1,yes,no,yes,no,no,0,no,furnished
2508944,3774,3,1,1,yes,no,yes,no,yes,0,no,semi-furnished
1921806,5004,3,1,1,yes,no,no,no,no,0,yes,semi-furnished
1883055,5016,2,1,3,yes,no,yes,no,yes,0,yes,unfurnished
3171456,13889,2,2,2,yes,no,no,no,no,0,no,semi-furnished
1750000,4455,3,2,1,no,no,no,no,yes,0,yes,semi-furnished
2946874,5451,3,1,1,yes,no,no,no,no,0,no,semi-furnished
2374524,4582,3,1,1,yes,yes,no,no,yes,2,no,semi-furnished
1750000,3796,2,1,4,yes,no,no,no,no,1,no,unfurnished
2613283,4225,4,1,4,yes,yes,yes,no,no,1,no,unfurnished
4564725,6670,3,1,1,yes,yes,yes,no,no,0,no,semi-furnished
5307358,8168,3,1,1,yes,no,yes,no,yes,1,no,unfurnished
1914400,10833,2,1,2,yes,no,no,no,no,1,no,semi-furnished
1750000,2434,4,1,1,yes,yes,no,no,no,3,yes,furnished
4162240,3621,2,1,1,yes,yes,no,no,no,2,no,unfurnished
8198858,7904,4,2,1,yes,no,no,no,no,2,no,furnished
7294370,5390,5,1,2,yes,no,no,no,yes,0,no,unfurnished
3804570,7642,3,1,1,yes,no,yes,no,no,2,no,semi-furnished
3234950,4964,4,1,3,yes,no,no,no,no,0,no,furnished
1750000,8027,4,1,1,yes,no,no,no,no,0,no,semi-furnished
4379325,5283,4,1,1,yes,no,yes,no,no,0,yes,semi-furnished
5668712,5254,4,1,1,yes,no,yes,no,yes,0,yes,furnished
3122937,2682,3,3,1,yes,no,no,no,yes,0,yes,unfurnished
4179677,8329,4,1,1,no,no,no,no,no,1,no,semi-furnished
3693785,4803,4,1,2,no,no,yes,no,no,2,no,unfurnished
6079995,3718,3,2,1,yes,no,no,no,no,1,yes,semi-furnished
2967506,8124,4,1,1,yes,no,no,no,no,0,no,furnished
2308799,7177,4,1,2,yes,no,no,no,no,2,yes,semi-furnished
5927001,6053,5,1,1,yes,no,no,no,yes,1,no,unfurnished
5533886,4101,2,1,1,yes,no,no,yes,no,1,no,semi-furnished
10426149,9300,2,2,1,yes,yes,no,no,yes,1,yes,semi-furnished
2314108,2995,4,1,4,yes,yes,no,no,yes,2,no,unfurnished
10769850,2710,3,2,3,yes,no,yes,no,no,0,yes,unfurnished
3554440,9348,3,1,2,yes,no,no,no,yes,0,no,furnished
3443701,7074,3,1,1,yes,no,no,no,no,2,no,unfurnished
2350210,3955,4,1,3,yes,no,yes,no,yes,0,no,unfurnished
3042299,4754,3,1,2,yes,yes,no,no,no,0,no,semi-furnished
3567736,3851,3,1,4,yes,yes,no,no,no,0,no,furnished
8525141,9244,3,1,2,yes,no,no,no,yes,2,yes,furnished
2094882,6242,3,1,4,yes,no,no,no,yes,2,no,unfurnished
3399596,5352,5,1,1,yes,yes,yes,no,no,0,no,furnished
3191188,6215,2,1,1,yes,no,yes,no,no,0,yes,unfurnished
2564766,6720,3,1,1,yes,no,yes,no,no,0,no,semi-furnished
2519524,5400,2,3,3,yes,no,yes,no,yes,1,no,unfurnished
3118791,7815,4,1,2,yes,no,no,no,no,0,no,furnished
3025982,3263,2,3,2,no,no,no,no,yes,0,no,semi-furnished
1750000,7164,3,3,2,yes,no,yes,yes,yes,0,no,unfurnished
4166594,5485,4,1,2,yes,no,no,no,no,1,no,semi-furnished
4120241,5086,3,1,1,yes,no,yes,no,yes,0,no,unfurnished
4735317,6085,2,1,1,yes,no,no,no,yes,0,yes,furnished
2965324,5370,3,1,1,yes,no,no,no,no,0,yes,unfurnished
1956006,13405,1,1,1,yes,yes,no,no,yes,0,no,furnished
3218548,8379,3,2,1,yes,yes,no,no,no,2,no,furnished
2193209,4493,2,2,2,yes,no,yes,no,no,3,yes,furnished
1931849,7054,2,2,2,yes,no,yes,no,no,1,yes,furnished
4825581,8254,4,2,2,yes,no,no,no,no,0,no,unfurnished
4972026,8896,2,1,2,yes,no,no,no,no,0,yes,furnished
11550406,2266,3,1,1,yes,no,no,no,no,0,no,semi-furnished
3116031,5596,2,2,2,yes,yes,no,no,no,0,no,furnished
1750000,3828,2,1,1,yes,no,yes,no,no,0,yes,unfurnished
5084732,12045,3,2,3,no,yes,yes,no,yes,0,no,furnished
4262513,9616,3,2,2,yes,no,no,no,yes,2,no,semi-furnished
8694380,5482,4,2,2,yes,no,no,no,yes,2,yes,semi-furnished
2175675,13470,3,1,2,yes,no,yes,no,yes,2,no,semi-furnished
8593220,5622,4,2,3,yes,no,no,no,no,0,yes,semi-furnished
2736788,4459,3,1,1,no,no,no,no,no,0,no,semi-furnished
2404558,8576,3,2,2,yes,no,no,no,no,0,no,semi-furnished
6206785,3749,3,1,1,no,yes,yes,no,no,0,yes,furnished
6314676,11186,3,1,2,yes,no,no,no,yes,0,yes,furnished
2755434,4638,3,1,1,yes,no,no,no,no,0,no,semi-furnished
2718717,5025,2,1,2,yes,no,no,no,no,1,yes,semi-furnished
6126193,7269,5,2,2,yes,no,no,no,no,2,no,furnished
3445199,7459,3,1,3,yes,no,no,no,no,0,no,semi-furnished
2489530,2452,4,1,2,no,no,no,no,yes,2,no,furnished
3277229,7006,2,1,1,yes,no,yes,no,no,3,no,semi-furnished
1750000,5819,2,2,1,yes,no,no,no,yes,0,no,furnished
2815736,9735,4,1,1,yes,no,no,no,yes,2,yes,semi-furnished
6001200,5077,2,1,1,yes,no,no,no,yes,0,no,furnished
5467103,4657,3,2,2,yes,no,no,no,yes,1,yes,furnished
3776502,6368,2,1,1,yes,no,no,no,no,1,no,furnished
2543961,6677,2,1,3,yes,no,no,no,yes,1,no,furnished
3609566,7317,2,1,2,yes,yes,no,no,yes,1,yes,semi-furnished
2002599,5612,2,2,4,yes,no,no,no,yes,0,no,semi-furnished
3306179,9499,3,1,2,yes,yes,no,no,no,2,no,furnished
2801928,5313,4,2,2,yes,no,no,no,no,0,no,semi-furnished
1750000,9680,3,1,4,no,no,no,no,no,0,no,semi-furnished
2914056,5894,3,1,2,no,no,no,no,yes,0,no,semi-furnished
2222134,3645,5,1,1,yes,no,no,no,no,0,no,semi-furnished
8870298,5889,3,3,1,yes,no,yes,no,no,2,no,semi-furnished
5587593,8392,3,1,1,yes,yes,no,no,yes,2,no,semi-furnished
1892771,7171,5,1,2,yes,no,no,no,yes,0,no,unfurnished
2893912,8595,3,3,4,yes,no,yes,no,yes,2,no,semi-furnished
2709584,5193,4,1,4,no,no,no,no,yes,0,yes,furnished
7105432,5298,5,2,2,yes,no,no,no,yes,0,yes,semi-furnished
1750000,7105,2,2,1,yes,no,no,no,no,0,yes,semi-furnished
3472370,10423,2,1,1,yes,yes,yes,no,yes,0,no,unfurnished
2249497,7223,3,1,2,yes,no,yes,no,no,0,no,semi-furnished
3567487,8715,3,1,2,yes,no,no,no,no,0,yes,furnished
3486890,8727,3,1,1,yes,no,no,no,yes,0,no,unfurnished
6854131,7641,3,2,1,no,yes,no,no,no,2,no,semi-furnished
2427336,4610,3,3,2,yes,no,no,no,no,0,no,semi-furnished
4437178,5944,2,1,2,yes,no,no,yes,no,2,no,furnished
3615934,5036,4,1,2,no,yes,no,yes,no,0,no,semi-furnished
1750000,6880,2,1,1,yes,no,yes,no,no,0,yes,semi-furnished
3151901,5776,3,1,4,yes,no,yes,no,yes,0,no,furnished
5337027,2127,2,1,1,yes,no,yes,no,yes,0,no,furnished
6762851,8301,3,2,1,yes,no,no,no,no,0,no,unfurnished
10697019,4596,3,2,1,yes,no,yes,no,no,2,no,furnished
1750000,9084,4,1,1,yes,no,no,no,yes,1,no,unfurnished
6481099,3381,3,2,4,yes,yes,no,no,yes,0,no,semi-furnished
1750000,7201,3,1,2,yes,no,yes,no,no,0,yes,unfurnished
2513211,3375,3,1,2,yes,yes,no,no,no,1,yes,unfurnished
4121169,8163,1,1,1,yes,no,no,no,no,0,yes,semi-furnished
3782703,5215,3,2,1,yes,yes,no,no,no,2,no,furnished
2065891,7302,2,1,2,yes,no,no,no,no,1,no,unfurnished
5897329,4092,3,2,3,yes,no,yes,no,no,2,no,unfurnished
2301707,3025,2,1,2,yes,no,yes,no,yes,0,yes,semi-furnished
8822099,9681,3,1,2,yes,no,no,no,no,0,yes,unfurnished
8936305,9326,4,3,2,yes,no,yes,no,no,0,no,semi-furnished
2508086,3597,3,1,2,yes,no,yes,no,no,1,yes,unfurnished
7306429,5777,3,1,4,yes,no,no,no,no,1,no,furnished
1750000,8791,4,1,1,yes,no,no,no,yes,1,no,furnished
1750000,5133,4,1,4,yes,no,no,yes,yes,1,yes,furnished
1944007,7024,2,1,1,yes,no,no,no,no,0,no,semi-furnished
2234513,8538,3,1,1,yes,no,yes,yes,yes,1,no,semi-furnished
1769879,6915,4,2,2,yes,no,yes,no,no,0,yes,semi-furnished
1961661,4681,4,1,2,yes,no,yes,no,no,0,yes,unfurnished
4888403,9487,3,1,1,no,no,yes,no,no,0,no,unfurnished
2917202,4170,3,1,2,yes,no,no,no,yes,0,no,semi-furnished
3077795,2055,3,1,1,no,no,no,no,no,1,no,furnished
2440688,5832,4,1,2,yes,no,yes,no,yes,1,no,furnished
1750000,3711,3,2,2,yes,no,no,no,yes,2,no,semi-furnished
1750000,4759,4,1,2,yes,no,no,no,no,2,no,furnished
3296397,9090,3,1,2,yes,no,no,no,no,1,yes,semi-furnished
5042961,8820,2,2,2,yes,no,no,yes,no,2,no,furnished
1750000,3838,2,1,2,yes,yes,no,no,no,1,no,semi-furnished
7695514,6927,3,1,2,yes,no,no,no,no,0,no,furnished
3811033,3153,3,1,2,yes,no,yes,no,no,0,yes,semi-furnished
2912785,7407,3,1,2,yes,no,yes,no,no,0,yes,furnished
2036671,2449,3,1,1,yes,no,no,no,no,1,yes,furnished
3286202,3958,3,2,2,yes,no,yes,no,yes,0,no,furnished
4637082,3792,2,1,1,yes,no,yes,no,yes,0,no,unfurnished
2790381,7678,4,1,1,yes,no,no,no,no,2,no,semi-furnished
1750000,3493,4,1,1,yes,no,no,no,no,0,no,furnished
4037185,6679,3,2,2,yes,no,no,no,no,1,no,semi-furnished
8567175,5280,1,1,2,no,yes,yes,no,no,2,no,furnished
1750000,5411,2,1,4,yes,yes,no,no,no,0,no,unfurnished
5367689,7226,4,1,4,yes,no,yes,no,yes,0,no,semi-furnished
4947016,8457,2,1,1,no,no,no,no,no,0,no,semi-furnished
1750000,6641,3,1,2,yes,no,yes,no,no,0,yes,furnished
9915393,7770,4,1,4,yes,yes,no,no,yes,0,no,furnished
5233497,7094,2,2,2,no,no,no,no,no,0,no,unfurnished
2812836,6405,2,1,1,yes,yes,no,no,yes,0,no,furnished
2284413,5635,2,1,1,yes,no,yes,no,no,2,no,semi-furnished
9297145,13444,4,1,2,yes,no,no,no,yes,0,yes,furnished
2127328,7787,4,2,2,yes,no,no,no,yes,1,yes,semi-furnished
4556565,3096,3,2,1,yes,no,yes,no,no,0,no,furnished
1750000,12224,3,2,1,yes,no,no,no,yes,0,no,furnished
1750000,5409,6,1,2,yes,no,no,no,no,0,no,unfurnished
1750000,8614,3,1,4,yes,no,yes,no,no,0,no,unfurnished
1750000,4257,2,1,2,yes,yes,yes,no,yes,0,no,semi-furnished
1750000,9248,2,1,2,yes,yes,no,no,no,3,no,furnished
2692342,5404,4,1,1,yes,yes,yes,no,no,0,yes,unfurnished
3859032,7519,3,1,1,yes,no,yes,no,no,1,no,semi-furnished
4098715,5839,2,1,4,yes,no,yes,no,no,0,no,semi-furnished
5260956,2172,5,2,1,no,no,yes,no,no,2,yes,semi-furnished
1962455,4990,2,1,1,yes,no,yes,no,no,1,no,unfurnished
2846379,4455,2,2,2,yes,no,yes,no,no,0,no,furnished
3372901,7223,4,1,2,yes,no,yes,yes,no,1,no,semi-furnished
2102640,7889,3,2,4,yes,no,no,no,no,1,yes,unfurnished
6570244,6183,3,1,2,yes,no,yes,no,no,0,no,unfurnished
4567270,5515,4,1,1,yes,no,no,no,yes,2,no,semi-furnished
13300000,5008,4,2,2,yes,no,yes,no,no,0,no,semi-furnished
1750000,6718,4,1,2,yes,no,no,no,no,0,no,unfurnished
3246834,6427,3,1,1,yes,no,yes,no,no,0,yes,furnished
4056330,2868,2,1,1,no,yes,no,no,yes,2,no,furnished
2266391,5142,5,2,2,no,no,no,no,yes,0,no,furnished
5191603,5270,3,1,1,no,no,no,no,yes,2,no,furnished
1750000,5636,2,1,2,yes,yes,yes,no,yes,0,yes,semi-furnished
2291186,4775,4,2,1,yes,no,no,yes,no,0,no,semi-furnished
5673821,5165,3,1,2,no,no,no,no,yes,0,no,semi-furnished
3206942,3261,3,1,2,yes,no,no,no,no,0,yes,unfurnished
2651495,3012,3,2,1,yes,no,no,yes,no,0,no,unfurnished
3615300,3777,3,3,1,yes,no,no,no,no,1,no,furnished
3083081,8413,2,2,2,yes,no,no,no,yes,3,no,unfurnished
5386874,4956,3,2,1,yes,no,yes,no,no,0,no,semi-furnished
4926525,6698,2,2,2,yes,yes,no,no,no,0,no,furnished
6351275,2015,3,2,1,yes,no,no,no,no,1,yes,unfurnished
8381303,8819,4,1,2,yes,no,no,no,no,0,no,unfurnished
1862346,7131,3,2,2,no,no,no,no,yes,0,yes,furnished
4081334,6802,3,2,1,no,yes,no,no,yes,2,no,semi-furnished
9099548,7590,3,1,1,yes,no,yes,no,no,2,yes,semi-furnished
5938050,5316,5,1,4,yes,no,no,no,no,2,yes,unfurnished
3624400,5135,2,1,1,no,no,no,no,no,0,no,semi-furnished
6914573,9479,4,1,2,yes,no,no,no,yes,1,yes,semi-furnished
8099951,6023,4,2,1,yes,no,yes,yes,no,1,yes,semi-furnished
4384638,4818,2,1,4,yes,no,no,no,no,0,no,semi-furnished
2003804,4915,5,1,2,yes,no,no,no,no,3,no,furnished
3336837,10237,3,2,1,yes,no,no,no,no,0,no,semi-furnished
4092426,4101,5,2,2,yes,no,no,no,no,0,no,semi-furnished
6204802,5470,3,1,1,yes,no,no,no,no,0,no,semi-furnished
1750000,5673,2,1,2,yes,no,no,no,yes,1,no,unfurnished
2350248,4752,2,1,1,yes,no,no,yes,no,1,no,unfurnished
3778270,6766,4,1,4,no,no,no,no,yes,1,no,unfurnished
1750000,6114,2,1,1,yes,no,yes,no,no,0,no,semi-furnished
1750000,2732,3,2,4,yes,no,no,no,yes,1,yes,semi-furnished
1750000,2405,2,1,3,yes,no,yes,no,no,0,yes,furnished
4034905,8735,2,1,1,yes,yes,yes,no,yes,0,no,semi-furnished
4295458,4090,4,2,2,yes,no,yes,no,yes,0,yes,semi-furnished
6931982,9795,3,2,1,yes,no,yes,yes,yes,1,no,unfurnished
3508319,6802,2,1,1,yes,no,yes,no,no,1,no,unfurnished
7181458,6560,2,1,2,yes,yes,yes,yes,no,1,yes,furnished
5790604,2014,5,1,2,yes,yes,no,no,no,2,yes,furnished
3800064,3407,4,1,1,yes,no,no,no,no,1,yes,semi-furnished
1937359,6071,3,1,2,yes,no,no,no,yes,0,no,semi-furnished
1913048,3242,3,1,1,yes,no,no,no,yes,1,yes,unfurnished
2742017,7851,3,2,1,yes,no,no,no,yes,0,no,semi-furnished
